condition,a0,a2,a4,R
pre,0.29997307628861813,2.4927815481038893,-0.3903344555363296,-0.15658590534466763
post,0.28370816201831633,2.4383178560936325,-0.36408827525575405,-0.14931944756335036
